1,97.062,105.884
2,96.956,105.831
3,96.981,105.884
4,96.981,105.903
5,96.970,105.882
6,96.870,105.797
7,96.944,105.873
8,97.000,105.932
9,96.876,105.797
10,96.968,105.877
11,97.020,105.932
12,97.054,105.963
13,97.145,106.058
14,97.150,106.063
15,97.249,106.170
16,97.352,106.271
17,97.317,106.260
18,97.358,106.309
19,97.466,106.402
20,97.491,106.429
21,97.514,106.440
22,97.564,106.495
23,97.587,106.520
24,97.698,106.638
25,97.793,106.749
26,97.832,106.807
27,97.821,106.805
28,97.933,106.902
29,98.042,107.013
30,98.002,106.978
31,98.090,107.060
32,98.144,107.122
33,98.231,107.225
34,98.317,107.325
35,98.334,107.348
36,98.403,107.404
37,98.423,107.427
38,98.592,107.587
39,98.685,107.677
40,98.679,107.684
41,98.781,107.799
42,98.802,107.822
43,98.760,107.786
44,98.831,107.846
45,98.948,107.958
46,98.945,107.963
47,99.032,108.044
48,99.122,108.145
49,99.078,108.111
50,99.150,108.195
51,99.130,108.162
52,99.156,108.188
53,99.093,108.112
54,99.191,108.207
55,99.266,108.289
56,99.364,108.385
57,99.382,108.423
58,99.425,108.477
59,99.378,108.438
60,99.367,108.426
61,99.431,108.477
62,99.527,108.563
63,99.558,108.592
64,99.494,108.536
65,99.584,108.647
66,99.542,108.612
67,99.566,108.644
68,99.549,108.624
69,99.509,108.577
70,99.471,108.527
71,99.534,108.598
72,99.461,108.527
73,99.458,108.531
74,99.425,108.502
75,99.397,108.487
76,99.343,108.428
77,99.324,108.416
78,99.249,108.318
79,99.232,108.297
80,99.190,108.261
81,99.084,108.165
82,98.979,108.060
83,98.871,107.954
84,98.879,107.972
85,98.722,107.804
86,98.707,107.769
87,98.686,107.746
88,98.663,107.715
89,98.590,107.658
90,98.590,107.663
91,98.669,107.725
92,98.502,107.564
93,98.448,107.497
94,98.353,107.392
95,98.101,107.154
96,98.109,107.153
97,98.027,107.086
98,97.961,107.041
99,97.912,106.984
100,97.872,106.949
101,97.818,106.886
102,97.972,107.021
103,97.872,106.923
104,97.979,107.003
105,97.952,106.986
106,97.975,107.022
107,98.009,107.056
108,97.823,106.849
109,97.781,106.805
110,97.742,106.780
111,97.584,106.621
112,97.593,106.621
113,97.569,106.616
114,97.599,106.644
115,97.559,106.602
116,97.571,106.602
117,97.477,106.504
118,97.505,106.529
119,97.459,106.483
120,97.314,106.337
121,97.384,106.426
122,97.341,106.381
123,97.327,106.363
124,97.269,106.301
125,97.230,106.254
126,97.177,106.200
127,97.221,106.242
128,97.180,106.193
129,97.179,106.211
130,97.158,106.184
131,97.231,106.238
132,97.154,106.154
133,97.110,106.104
134,97.044,106.034
135,97.046,106.046
136,97.078,106.072
137,97.065,106.073
138,97.037,106.042
139,97.020,106.025
140,97.134,106.122
141,97.220,106.206
142,97.276,106.261
143,97.153,106.135
144,97.196,106.174
145,97.300,106.299
146,97.325,106.321
147,97.199,106.192
148,97.246,106.233
149,97.297,106.271
150,97.346,106.320
151,97.359,106.333
152,97.310,106.280
153,97.485,106.472
154,97.531,106.522
155,97.510,106.503
156,97.441,106.420
157,97.520,106.487
158,97.515,106.491
159,97.487,106.461
160,97.518,106.494
161,97.608,106.596
162,97.611,106.609
163,97.657,106.649
164,97.602,106.578
165,97.652,106.625
166,97.697,106.680
167,97.718,106.693
168,97.833,106.809
169,97.794,106.789
170,97.840,106.834
171,97.897,106.899
172,97.902,106.881
173,97.901,106.881
174,97.846,106.827
175,97.898,106.872
176,97.838,106.825
177,97.906,106.900
178,97.915,106.905
179,97.885,106.876
180,97.785,106.775
181,97.878,106.860
182,97.889,106.882
183,97.914,106.902
184,97.926,106.909
185,97.858,106.859
186,97.987,106.996
187,98.046,107.062
188,98.000,106.995
189,98.078,107.071
190,98.140,107.131
191,98.146,107.129
192,98.144,107.141
193,98.196,107.197
194,98.216,107.232
195,98.261,107.286
196,98.294,107.299
197,98.472,107.496
198,98.460,107.473
199,98.468,107.469
200,98.606,107.613
201,98.550,107.565
202,98.609,107.635
203,98.691,107.720
204,98.748,107.762
205,98.754,107.769
206,98.798,107.823
207,98.900,107.920
208,98.952,107.965
209,98.945,107.984
210,99.120,108.167
211,99.224,108.260
212,99.289,108.331
213,99.299,108.325
214,99.209,108.242
215,99.224,108.243
216,99.216,108.238
217,99.260,108.304
218,99.210,108.267
219,99.298,108.356
220,99.306,108.350
221,99.290,108.332
222,99.370,108.403
223,99.503,108.542
224,99.543,108.576
225,99.552,108.596
226,99.537,108.593
227,99.658,108.716
228,99.657,108.722
229,99.588,108.638
230,99.648,108.692
231,99.646,108.694
232,99.638,108.673
233,99.677,108.733
234,99.692,108.757
235,99.654,108.724
236,99.674,108.744
237,99.658,108.703
238,99.607,108.673
239,99.330,108.418
240,99.338,108.394
241,99.522,108.602
242,99.636,108.684
243,99.445,108.498
244,99.532,108.582
245,99.521,108.555
246,99.440,108.488
247,99.380,108.440
248,99.399,108.446
249,99.444,108.510
250,99.410,108.477
251,99.390,108.465
252,99.390,108.465
253,99.276,108.348
254,99.320,108.394
255,99.410,108.488
256,99.377,108.448
257,99.396,108.487
258,99.459,108.551
259,99.482,108.581
260,99.366,108.468
261,99.413,108.494
262,99.438,108.521
263,99.397,108.483
264,99.465,108.553
265,99.435,108.538
266,99.399,108.507
267,99.405,108.519
268,99.292,108.412
269,99.285,108.388
270,99.249,108.350
271,99.200,108.297
272,99.276,108.384
273,99.268,108.385
274,99.287,108.406
275,99.234,108.360
276,99.196,108.322
277,99.257,108.358
278,99.225,108.328
279,99.135,108.230
280,99.075,108.177
281,99.037,108.157
282,99.090,108.213
283,99.010,108.136
284,99.031,108.163
285,98.951,108.063
286,98.950,108.062
287,98.927,108.037
288,98.899,108.010
289,98.849,107.969
290,98.918,108.045
291,98.950,108.085
292,98.774,107.902
293,98.794,107.911
294,99.534,108.640
295,99.607,108.711
296,99.651,108.757
297,99.588,108.708
298,99.645,108.769
299,99.731,108.868
300,99.742,108.867
301,99.679,108.796
302,99.653,108.767
303,99.582,108.703
304,99.496,108.617
305,99.433,108.562
306,99.390,108.517
307,99.461,108.591
308,99.492,108.623
309,99.390,108.501
310,99.329,108.444
311,99.332,108.449
312,99.335,108.443
313,99.403,108.533
314,99.363,108.495
315,99.365,108.498
316,99.356,108.499
317,99.369,108.492
318,99.247,108.359
319,99.263,108.374
320,99.278,108.397
321,99.180,108.312
322,99.200,108.339
323,99.185,108.321
324,99.228,108.365
325,99.291,108.415
326,99.256,108.368
327,99.270,108.385
328,99.205,108.317
329,99.223,108.351
330,99.271,108.406
331,99.258,108.401
332,99.216,108.352
333,99.170,108.296
334,99.172,108.302
335,99.209,108.329
336,99.089,108.213
337,99.169,108.305
338,99.182,108.314
339,99.231,108.364
340,99.198,108.342
341,99.159,108.284
342,99.169,108.289
343,99.169,108.286
344,99.143,108.247
345,99.186,108.313
346,99.208,108.335
347,99.118,108.246
348,99.216,108.358
349,99.192,108.315
350,99.187,108.299
351,99.191,108.295
352,99.252,108.359
353,99.248,108.378
354,99.270,108.403
355,99.305,108.436
356,99.293,108.407
357,99.315,108.451
358,99.306,108.416
359,99.232,108.350
360,99.236,108.343
361,99.236,108.364
362,99.295,108.426
363,99.241,108.378
364,99.197,108.330
365,99.232,108.347
366,99.230,108.346
367,99.183,108.299
368,99.147,108.259
369,99.150,108.274
370,99.128,108.263
371,99.112,108.242
372,99.087,108.237
373,99.035,108.155
374,98.982,108.092
375,98.908,108.012
376,98.885,107.995
377,98.973,108.099
378,98.924,108.062
379,98.954,108.089
380,99.138,108.244
381,99.122,108.213
382,99.080,108.176
383,98.957,108.050
384,98.982,108.078
385,99.036,108.140
386,98.922,108.029
387,98.950,108.056
388,98.903,107.992
389,98.916,108.001
390,98.974,108.052
391,98.967,108.044
392,99.068,108.145
393,99.032,108.127
394,98.955,108.056
395,99.029,108.134
396,98.882,107.982
397,98.892,107.968
398,98.909,107.986
399,98.856,107.928
400,98.681,107.759
401,98.617,107.717
402,98.644,107.744
403,99.784,108.878
404,99.867,108.956
405,99.878,108.962
406,99.887,108.962
407,99.843,108.919
408,99.772,108.854
409,99.697,108.796
410,99.682,108.783
411,99.699,108.796
412,99.663,108.739
413,99.577,108.652
414,99.516,108.582
415,99.514,108.579
416,99.392,108.450
417,99.405,108.475
418,99.335,108.411
419,99.233,108.306
420,99.150,108.202
421,99.104,108.156
422,99.217,108.248
423,99.115,108.144
424,99.076,108.104
425,99.056,108.100
426,99.074,108.116
427,98.935,107.980
428,98.941,107.974
429,98.995,108.025
430,98.986,108.012
431,98.941,107.965
432,98.909,107.939
433,98.913,107.955
434,98.857,107.903
435,98.804,107.853
436,98.716,107.753
437,98.719,107.735
438,98.685,107.699
439,98.651,107.660
440,98.666,107.676
441,98.602,107.628
442,98.436,107.477
443,98.433,107.471
444,98.373,107.403
445,98.451,107.469
446,98.381,107.413
447,98.454,107.478
448,98.319,107.342
449,98.314,107.350
450,98.310,107.341
451,98.211,107.252
452,98.248,107.265
453,98.208,107.223
454,98.193,107.198
455,98.145,107.169
456,98.128,107.138
457,98.114,107.148
458,98.090,107.116
459,98.095,107.114
460,98.048,107.072
461,98.015,107.035
462,97.843,106.870
463,97.823,106.855
464,97.845,106.879
465,97.809,106.856
466,97.772,106.820
467,97.733,106.783
468,97.694,106.731
469,97.720,106.757
470,97.742,106.765
471,97.732,106.766
472,97.660,106.690
473,97.619,106.668
474,97.654,106.704
475,97.741,106.790
476,97.750,106.790
477,97.775,106.808
478,97.721,106.750
479,97.769,106.796
480,97.715,106.750
481,97.788,106.835
482,97.832,106.881
483,97.809,106.839
484,97.768,106.794
485,97.684,106.710
486,97.627,106.663
487,97.619,106.645
488,97.624,106.649
489,97.509,106.557
490,97.568,106.622
491,97.552,106.607
492,97.485,106.524
493,97.458,106.498
494,97.562,106.597
495,97.463,106.497
496,97.424,106.462
497,97.449,106.494
498,97.420,106.479
499,97.290,106.338
500,97.397,106.434
501,97.385,106.421
502,97.296,106.333
503,97.374,106.406
504,97.456,106.497
505,97.374,106.436
506,97.348,106.407
507,97.317,106.376
508,97.362,106.413
509,97.300,106.345
510,97.400,106.445
511,97.433,106.479
512,97.424,106.469
513,97.403,106.470
514,97.394,106.466
515,97.432,106.504
516,97.348,106.400
517,97.330,106.380
518,97.271,106.323
519,97.322,106.370
520,97.284,106.332
521,97.405,106.469
522,97.415,106.483
523,97.422,106.489
524,97.324,106.377
525,97.338,106.385
526,97.363,106.406
527,97.404,106.449
528,97.366,106.402
529,97.479,106.536
530,97.470,106.536
531,97.548,106.612
532,97.530,106.587
533,97.596,106.646
534,97.614,106.667
535,97.542,106.591
536,97.637,106.683
537,97.684,106.752
538,97.651,106.730
539,97.714,106.781
540,97.656,106.718
541,97.695,106.747
542,97.712,106.767
543,97.740,106.795
544,97.741,106.795
545,97.794,106.869
546,97.879,106.953
547,97.898,106.985
548,97.874,106.943
549,97.883,106.952
550,97.895,106.960
551,97.837,106.899
552,97.997,107.065
553,98.056,107.131
554,97.992,107.077
555,98.070,107.151
556,98.057,107.125
557,98.084,107.152
558,98.195,107.261
559,98.274,107.346
560,98.272,107.340
561,98.310,107.397
562,98.392,107.483
563,98.548,107.640
564,98.456,107.531
565,98.539,107.608
566,98.626,107.693
567,98.656,107.735
568,98.634,107.707
569,98.835,107.924
570,98.943,108.031
571,98.919,108.016
572,99.001,108.086
573,99.111,108.188
574,99.068,108.156
575,99.186,108.279
576,99.225,108.306
577,99.258,108.357
578,99.270,108.374
579,99.341,108.451
580,99.368,108.467
581,99.371,108.468
582,99.427,108.531
583,99.393,108.490
584,99.475,108.576
585,99.546,108.671
586,99.633,108.754
587,99.671,108.793
588,99.741,108.852
589,99.752,108.861
590,99.812,108.919
591,99.850,108.950
592,99.768,108.879
593,99.850,108.978
594,99.885,109.019
595,99.940,109.076
596,99.969,109.082
597,100.004,109.114
598,100.080,109.193
599,100.052,109.168
600,100.128,109.238
601,100.159,109.288
602,100.200,109.336
603,100.207,109.346
604,100.335,109.475
605,100.283,109.417
606,100.329,109.456
607,100.402,109.527
608,100.465,109.591
609,100.520,109.656
610,100.619,109.759
611,100.674,109.817
612,100.725,109.858
613,100.797,109.933
614,100.786,109.914
615,100.809,109.933
616,100.831,109.951
617,100.891,110.025
618,101.103,110.222
619,101.129,110.252
620,101.158,110.262
621,101.147,110.245
622,101.166,110.255
623,101.231,110.325
624,101.296,110.394
625,101.325,110.436
626,101.351,110.471
627,101.284,110.407
628,101.420,110.520
629,101.391,110.489
630,101.350,110.443
631,101.354,110.452
632,101.297,110.392
633,101.354,110.463
634,101.295,110.414
635,101.241,110.363
636,101.347,110.436
637,101.283,110.370
638,101.257,110.344
639,101.250,110.329
640,101.244,110.335
641,101.250,110.341
642,101.291,110.390
643,101.171,110.274
644,101.128,110.212
645,101.145,110.231
646,101.115,110.199
647,101.098,110.182
648,101.083,110.164
649,101.148,110.242
650,101.163,110.262
651,101.136,110.244
652,101.104,110.187
653,101.134,110.208
654,101.078,110.153
655,100.956,110.025
656,100.948,110.021
657,100.944,110.033
658,100.966,110.058
659,100.973,110.072
660,100.833,109.919
661,100.828,109.906
662,100.843,109.916
663,100.815,109.879
664,100.857,109.917
665,100.879,109.950
666,100.775,109.850
667,100.775,109.858
668,100.808,109.865
669,100.668,109.720
670,100.603,109.646
671,100.560,109.607
672,100.501,109.543
673,100.479,109.550
674,100.540,109.610
675,100.440,109.486
676,100.462,109.503
677,100.421,109.459
678,100.401,109.438
679,100.350,109.388
680,100.363,109.401
681,100.405,109.456
682,100.369,109.424
683,100.270,109.303
684,100.239,109.278
685,100.324,109.359
686,100.307,109.329
687,100.264,109.293
688,100.300,109.325
689,100.142,109.206
690,100.352,109.393
691,100.268,109.289
692,100.314,109.325
693,100.316,109.340
694,100.215,109.225
695,100.164,109.183
696,100.124,109.136
697,100.175,109.204
698,100.124,109.161
699,100.132,109.172
700,100.078,109.092
701,99.981,108.992
702,100.055,109.059
703,100.010,109.022
704,100.007,109.018
705,99.964,108.999
706,99.745,108.797
707,99.709,108.766
708,99.643,108.688
709,99.706,108.737
710,99.650,108.680
711,99.560,108.596
712,99.462,108.506
713,99.420,108.474
714,99.430,108.483
715,99.462,108.503
716,99.416,108.454
717,99.485,108.526
718,99.434,108.466
719,99.416,108.450
720,99.389,108.415
721,99.303,108.345
722,99.281,108.333
723,99.338,108.396
724,99.266,108.298
725,99.214,108.251
726,99.228,108.259
727,99.182,108.218
728,99.258,108.292
729,99.260,108.318
730,99.185,108.238
731,99.164,108.203
732,99.231,108.266
733,99.191,108.228
734,99.107,108.151
735,99.140,108.184
736,99.232,108.270
737,99.240,108.292
738,99.229,108.291
739,99.160,108.206
740,99.168,108.215
741,99.191,108.228
742,99.269,108.313
743,99.244,108.283
744,99.362,108.402
745,99.374,108.436
746,99.404,108.472
747,99.384,108.454
748,99.325,108.381
749,99.339,108.392
750,99.337,108.387
751,99.384,108.426
752,99.399,108.451
753,99.455,108.522
754,99.535,108.607
755,99.588,108.643
756,99.519,108.577
757,99.570,108.617
758,99.628,108.677
759,99.603,108.650
760,99.638,108.685
761,99.753,108.821
762,99.842,108.917
763,99.886,108.938
764,99.934,108.995
765,99.967,109.034
766,100.029,109.093
767,100.127,109.194
768,100.173,109.238
769,100.283,109.360
770,100.383,109.467
771,100.424,109.493
772,100.467,109.535
773,100.479,109.556
774,100.551,109.624
775,100.583,109.655
776,100.661,109.738
777,100.692,109.793
778,100.796,109.895
779,100.894,110.005
780,100.923,110.012
781,100.918,110.004
782,101.019,110.107
783,101.145,110.235
784,101.187,110.273
785,101.145,110.262
786,101.206,110.335
787,101.074,110.230
788,101.088,110.241
789,101.204,110.345
790,101.149,110.293
791,101.190,110.335
792,101.398,110.519
793,101.499,110.633
794,101.494,110.632
795,101.530,110.678
796,101.618,110.747
797,101.644,110.766
798,101.580,110.710
799,101.625,110.744
800,101.612,110.735
801,101.628,110.766
802,101.727,110.864
803,101.708,110.852
804,101.730,110.858
805,101.818,110.941
806,101.813,110.936
807,101.771,110.889
808,101.821,110.947
809,101.845,110.984
810,101.967,111.091
811,102.007,111.129
812,101.971,111.078
813,101.850,110.950
814,101.987,111.090
815,102.048,111.153
816,102.035,111.146
817,102.033,111.161
818,102.143,111.274
819,102.251,111.365
820,102.235,111.338
821,102.261,111.356
822,102.346,111.425
823,102.362,111.456
824,102.352,111.446
825,102.252,111.379
826,102.322,111.454
827,102.321,111.442
828,102.356,111.471
829,102.322,111.434
830,102.288,111.397
831,102.390,111.505
832,102.363,111.478
833,102.362,111.501
834,102.372,111.514
835,102.394,111.525
836,102.384,111.503
837,102.410,111.528
838,102.407,111.508
839,102.421,111.526
840,102.336,111.451
841,102.387,111.510
842,102.346,111.471
843,102.374,111.496
844,102.341,111.448
845,102.351,111.457
846,102.291,111.383
847,102.408,111.487
848,102.457,111.538
849,102.304,111.398
850,102.282,111.379
851,102.266,111.370
852,102.168,111.251
853,102.079,111.161
854,102.114,111.189
855,102.042,111.121
856,102.033,111.107
857,102.046,111.136
858,102.084,111.182
859,101.917,110.997
860,101.884,110.952
861,101.774,110.844
862,101.640,110.707
863,101.689,110.755
864,101.602,110.656
865,101.677,110.746
866,101.526,110.614
867,101.538,110.629
868,101.402,110.468
869,101.348,110.419
870,101.465,110.536
871,101.470,110.539
872,101.498,110.563
873,101.535,110.619
874,101.393,110.489
875,101.472,110.563
876,101.572,110.650
877,101.561,110.629
878,101.519,110.583
879,101.576,110.637
880,101.714,110.780
881,101.755,110.836
882,101.820,110.899
883,101.863,110.937
884,101.834,110.897
885,101.893,110.948
886,101.867,110.911
887,101.796,110.845
888,101.766,110.812
889,101.758,110.817
890,101.741,110.813
891,101.735,110.783
892,101.705,110.755
893,101.655,110.709
894,101.573,110.628
895,101.613,110.664
896,101.545,110.595
897,101.613,110.677
898,101.536,110.605
899,101.443,110.490
900,101.444,110.484
901,101.442,110.488
902,101.304,110.343
903,101.313,110.351
904,101.224,110.260
905,101.250,110.312
906,101.191,110.252
907,101.148,110.193
908,101.150,110.190
909,101.065,110.102
910,100.982,110.014
911,100.948,109.980
912,100.920,109.948
913,100.829,109.888
914,100.792,109.857
915,100.699,109.739
916,100.695,109.728
917,100.602,109.637
918,100.608,109.640
919,100.514,109.540
920,100.489,109.514
921,100.451,109.489
922,100.422,109.469
923,100.360,109.393
924,100.365,109.406
925,100.228,109.261
926,100.246,109.282
927,100.123,109.159
928,100.054,109.086
929,100.002,109.043
930,100.023,109.082
931,99.941,108.987
932,99.845,108.889
933,99.847,108.893
934,99.857,108.901
935,99.900,108.948
936,99.882,108.926
937,99.941,108.998
938,100.005,109.059
939,99.995,109.058
940,99.915,108.962
941,99.993,109.032
942,99.921,108.970
943,99.929,108.968
944,99.914,108.945
945,100.093,109.132
946,100.200,109.245
947,100.201,109.232
948,100.260,109.278
949,100.268,109.293
950,100.302,109.323
951,100.218,109.250
952,100.286,109.321
953,100.275,109.342
954,100.225,109.286
955,100.208,109.251
956,100.253,109.304
957,100.204,109.257
958,100.290,109.341
959,100.276,109.327
960,100.315,109.369
961,100.395,109.457
962,100.438,109.507
963,100.385,109.468
964,100.314,109.368
965,100.288,109.341
966,100.264,109.320
967,100.188,109.237
968,100.222,109.274
969,100.238,109.313
970,100.270,109.340
971,100.268,109.323
972,100.222,109.275
973,100.215,109.260
974,100.235,109.282
975,100.297,109.341
976,100.276,109.322
977,100.313,109.376
978,100.298,109.362
979,100.216,109.269
980,100.123,109.173
981,100.114,109.164
982,100.089,109.146
983,100.007,109.049
984,100.032,109.084
985,100.108,109.160
986,100.050,109.106
987,100.127,109.167
988,100.075,109.109
989,99.959,108.993
990,99.912,108.952
991,99.860,108.901
992,99.922,108.955
993,99.996,109.035
994,99.972,109.025
995,99.975,109.032
996,99.975,109.014
997,99.997,109.037
998,99.998,109.031
999,100.051,109.079
1000,100.122,109.158
1001,100.261,109.306
1002,100.281,109.327
1003,100.349,109.397
1004,100.487,109.512
1005,100.456,109.476
1006,100.436,109.473
1007,100.495,109.527
1008,100.574,109.602
1009,100.612,109.655
1010,100.675,109.726
1011,100.783,109.818
1012,100.816,109.858
1013,100.948,109.989
1014,100.975,110.010
1015,101.010,110.045
1016,101.037,110.081
1017,101.232,110.289
1018,101.251,110.314
1019,101.214,110.287
1020,101.326,110.368
1021,101.394,110.441
1022,101.439,110.491
1023,101.418,110.467
1024,101.494,110.546
1025,101.483,110.549
1026,101.583,110.656
1027,101.636,110.714
1028,101.739,110.802
1029,101.793,110.848
1030,101.889,110.943
1031,101.903,110.953
1032,101.916,110.965
1033,102.006,111.062
1034,101.995,111.062
1035,102.000,111.053
1036,102.009,111.058
1037,102.059,111.119
1038,101.957,111.009
1039,101.995,111.055
1040,102.008,111.071
1041,102.079,111.146
1042,102.065,111.151
1043,101.966,111.022
1044,101.932,110.989
1045,101.850,110.907
1046,101.941,110.999
1047,101.931,110.989
1048,101.892,110.950
1049,101.835,110.912
1050,101.744,110.824
1051,101.736,110.793
1052,101.647,110.700
1053,101.640,110.696
1054,101.568,110.620
1055,101.543,110.593
1056,101.497,110.556
1057,101.499,110.563
1058,101.541,110.604
1059,101.341,110.401
1060,101.259,110.312
1061,101.193,110.244
1062,101.101,110.146
1063,101.074,110.123
1064,101.151,110.204
1065,101.152,110.216
1066,101.190,110.258
1067,101.141,110.213
1068,101.098,110.159
1069,101.033,110.094
1070,100.965,110.027
1071,100.945,110.001
1072,100.892,109.946
1073,100.949,110.010
1074,100.954,110.012
1075,100.945,110.011
1076,100.896,109.949
1077,100.886,109.930
1078,100.774,109.820
1079,100.776,109.823
1080,100.759,109.800
1081,100.782,109.848
1082,100.791,109.855
1083,100.744,109.794
1084,100.726,109.773
1085,100.687,109.734
1086,100.672,109.713
1087,100.579,109.624
1088,100.572,109.620
1089,100.593,109.653
1090,100.604,109.664
1091,100.537,109.587
1092,100.660,109.723
1093,100.728,109.764
1094,100.707,109.748
1095,100.734,109.781
1096,100.699,109.745
1097,100.701,109.767
1098,100.606,109.673
1099,100.681,109.732
1100,100.622,109.676
1101,100.586,109.637
1102,100.646,109.703
1103,100.627,109.682
1104,100.621,109.665
1105,100.722,109.786
1106,100.711,109.776
1107,100.631,109.676
1108,100.613,109.659
1109,100.582,109.625
1110,100.620,109.659
1111,100.561,109.597
1112,100.665,109.705
1113,100.648,109.710
1114,100.615,109.682
1115,100.635,109.681
1116,100.590,109.639
1117,100.593,109.649
1118,100.698,109.741
1119,100.759,109.797
1120,100.681,109.722
1121,100.660,109.719
1122,100.648,109.721
1123,100.748,109.811
1124,100.611,109.647
1125,100.609,109.652
1126,100.541,109.579
1127,100.510,109.546
1128,100.603,109.645
1129,100.720,109.781
1130,100.767,109.823
1131,100.781,109.849
1132,100.725,109.764
1133,100.695,109.738
1134,100.773,109.809
1135,100.748,109.791
1136,100.630,109.670
1137,100.704,109.751
1138,100.696,109.749
1139,100.657,109.700
1140,100.628,109.669
1141,100.573,109.617
1142,100.551,109.592
1143,100.557,109.601
1144,100.498,109.541
1145,100.524,109.576
1146,100.527,109.578
1147,100.593,109.625
1148,100.603,109.640
1149,100.568,109.602
1150,100.612,109.641
1151,100.537,109.569
1152,100.588,109.614
1153,100.412,109.453
1154,100.510,109.558
1155,100.410,109.450
1156,100.458,109.494
1157,100.439,109.481
1158,100.361,109.397
1159,100.444,109.467
1160,100.269,109.318
1161,100.162,109.228
1162,100.141,109.208
1163,100.148,109.222
1164,100.049,109.099
1165,100.066,109.105
1166,100.004,109.051
1167,99.986,109.027
1168,100.017,109.050
1169,100.027,109.086
1170,100.019,109.083
1171,99.998,109.044
1172,99.959,109.003
1173,99.975,109.016
1174,99.944,108.993
1175,99.898,108.946
1176,99.863,108.910
1177,99.923,108.975
1178,99.858,108.926
1179,99.981,109.012
1180,100.025,109.044
1181,99.912,108.936
1182,99.906,108.918
1183,99.907,108.921
1184,99.864,108.892
1185,99.875,108.912
1186,99.926,108.972
1187,99.844,108.868
1188,99.851,108.877
1189,99.886,108.898
1190,99.803,108.822
1191,99.807,108.820
1192,99.797,108.811
1193,99.790,108.812
1194,99.685,108.723
1195,99.696,108.719
1196,99.689,108.709
1197,99.716,108.733
1198,99.724,108.735
1199,99.648,108.673
1200,99.663,108.696
1201,99.654,108.702
1202,99.607,108.659
1203,99.529,108.561
1204,99.429,108.477
1205,99.373,108.414
1206,99.374,108.417
1207,99.357,108.403
1208,99.413,108.449
1209,99.425,108.480
1210,99.444,108.505
1211,99.420,108.470
1212,99.422,108.472
1213,99.429,108.470
1214,99.486,108.530
1215,99.468,108.506
1216,99.361,108.418
1217,99.415,108.475
1218,99.433,108.496
1219,99.421,108.465
1220,99.357,108.403
1221,99.368,108.410
1222,99.442,108.491
1223,99.500,108.542
1224,99.526,108.564
1225,99.486,108.529
1226,99.519,108.580
1227,99.461,108.500
1228,99.427,108.462
1229,99.432,108.474
1230,99.406,108.450
1231,99.493,108.528
1232,99.484,108.517
1233,99.492,108.545
1234,99.511,108.574
1235,99.567,108.604
1236,99.413,108.473
1237,99.504,108.541
1238,99.516,108.557
1239,99.537,108.575
1240,99.526,108.568
1241,99.485,108.534
1242,99.551,108.598
1243,99.583,108.623
1244,99.560,108.595
1245,99.563,108.603
1246,99.540,108.568
1247,99.589,108.628
1248,99.611,108.642
1249,99.662,108.715
1250,99.668,108.723
1251,99.719,108.754
1252,99.681,108.722
1253,99.680,108.720
1254,99.675,108.709
1255,99.654,108.686
1256,99.622,108.658
1257,99.604,108.653
1258,99.538,108.586
1259,99.622,108.667
1260,99.585,108.618
1261,99.665,108.695
1262,99.680,108.714
1263,99.635,108.667
1264,99.640,108.669
1265,99.673,108.724
1266,99.620,108.675
1267,99.558,108.594
1268,99.561,108.596
1269,99.572,108.603
1270,99.554,108.584
1271,99.626,108.660
1272,99.598,108.624
1273,99.596,108.640
1274,99.728,108.775
1275,99.670,108.697
1276,99.595,108.629
1277,99.631,108.665
1278,99.599,108.627
1279,99.620,108.652
1280,99.569,108.605
1281,99.593,108.642
1282,99.655,108.703
1283,99.618,108.652
1284,99.668,108.696
1285,99.564,108.596
1286,99.511,108.548
1287,99.570,108.604
1288,99.634,108.667
1289,99.601,108.648
1290,99.489,108.533
1291,99.634,108.682
1292,99.424,108.470
1293,99.387,108.422
1294,99.372,108.413
1295,99.338,108.365
1296,99.339,108.378
1297,99.400,108.448
1298,99.312,108.369
1299,99.290,108.336
1300,99.338,108.377
1301,99.399,108.432
1302,99.290,108.326
1303,99.371,108.400
1304,99.305,108.345
1305,99.336,108.387
1306,99.299,108.351
1307,99.335,108.371
1308,99.312,108.346
1309,99.226,108.266
1310,99.221,108.262
1311,99.209,108.243
1312,99.075,108.108
1313,99.193,108.248
1314,99.306,108.359
1315,99.235,108.278
1316,99.192,108.230
1317,99.167,108.199
1318,99.150,108.182
1319,99.068,108.103
1320,99.092,108.126
1321,99.009,108.059
1322,99.067,108.116
1323,98.952,108.013
1324,98.892,107.963
1325,98.959,108.021
1326,99.038,108.086
1327,99.065,108.109
1328,99.112,108.152
1329,99.144,108.196
1330,99.110,108.153
1331,99.052,108.096
1332,99.112,108.152
1333,99.053,108.091
1334,99.011,108.044
1335,99.010,108.053
1336,99.050,108.083
1337,99.000,108.046
1338,99.014,108.060
1339,98.993,108.024
1340,99.068,108.097
1341,99.012,108.044
1342,98.990,108.026
1343,98.948,107.979
1344,98.927,107.959
1345,98.968,108.013
1346,98.866,107.923
1347,98.800,107.841
1348,98.827,107.861
1349,98.797,107.832
1350,98.760,107.793
1351,98.763,107.802
1352,98.735,107.771
1353,98.822,107.866
1354,98.796,107.849
1355,98.827,107.881
1356,98.691,107.726
1357,98.726,107.758
1358,98.769,107.803
1359,98.709,107.740
1360,98.600,107.635
1361,98.625,107.669
1362,98.682,107.726
1363,98.678,107.717
1364,98.584,107.618
1365,98.597,107.630
1366,98.486,107.527
1367,98.584,107.618
1368,98.672,107.709
1369,98.672,107.718
1370,98.670,107.721
1371,98.686,107.717
1372,98.614,107.641
1373,98.643,107.671
1374,98.620,107.653
1375,98.670,107.704
1376,98.660,107.688
1377,98.657,107.707
1378,98.623,107.673
1379,98.634,107.662
1380,98.699,107.723
1381,98.745,107.775
1382,98.584,107.616
1383,98.627,107.660
1384,98.706,107.735
1385,98.783,107.837
1386,98.686,107.744
1387,98.660,107.711
1388,98.584,107.623
1389,98.576,107.615
1390,98.597,107.630
1391,98.507,107.543
1392,98.514,107.550
1393,98.620,107.666
1394,98.553,107.605
1395,98.542,107.577
1396,98.499,107.536
1397,98.503,107.537
1398,98.444,107.471
1399,98.426,107.464
1400,98.335,107.370
1401,98.385,107.431
1402,98.403,107.455
1403,98.370,107.415
1404,98.349,107.389
1405,98.398,107.427
1406,98.537,107.563
1407,98.436,107.470
1408,98.353,107.394
1409,98.402,107.456
1410,98.366,107.425
1411,98.332,107.387
1412,98.318,107.368
1413,98.335,107.382
1414,98.251,107.298
1415,98.261,107.300
1416,98.281,107.309
1417,98.267,107.325
1418,98.285,107.340
1419,98.267,107.310
1420,98.380,107.427
1421,98.370,107.406
1422,98.367,107.403
1423,98.388,107.428
1424,98.319,107.359
1425,98.437,107.502
1426,98.393,107.474
1427,98.311,107.366
1428,98.326,107.367
1429,98.357,107.394
1430,98.359,107.401
1431,98.300,107.350
1432,98.363,107.403
1433,98.323,107.386
1434,98.317,107.390
1435,98.294,107.345
1436,98.243,107.290
1437,98.175,107.226
1438,98.226,107.272
1439,98.195,107.235
1440,98.052,107.103
1441,98.120,107.214
1442,98.048,107.141
1443,98.012,107.094
1444,97.928,107.005
1445,98.120,107.178
1446,98.189,107.238
1447,98.185,107.233
1448,98.172,107.212
1449,98.173,107.237
1450,98.145,107.208
1451,98.119,107.171
1452,98.052,107.092
1453,97.987,107.028
1454,98.031,107.073
1455,98.073,107.111
1456,98.123,107.167
1457,98.119,107.172
1458,98.249,107.305
1459,98.225,107.282
1460,98.146,107.200
1461,98.252,107.301
1462,98.190,107.245
1463,98.206,107.255
1464,98.215,107.269
1465,98.366,107.431
1466,98.321,107.385
1467,98.411,107.480
1468,98.301,107.360
1469,98.366,107.428
1470,98.414,107.473
1471,98.437,107.486
1472,98.489,107.541
1473,98.564,107.633
1474,98.483,107.563
1475,98.475,107.534
1476,98.486,107.542
1477,98.508,107.561
1478,98.518,107.584
1479,98.556,107.613
1480,98.523,107.583
1481,98.584,107.660
1482,98.629,107.706
1483,98.600,107.665
1484,98.720,107.777
1485,98.621,107.678
1486,98.748,107.811
1487,98.657,107.719
1488,98.672,107.731
1489,98.646,107.723
1490,98.682,107.758
1491,98.679,107.745
1492,98.655,107.712
1493,98.665,107.730
1494,98.689,107.751
1495,98.627,107.678
1496,98.597,107.656
1497,98.663,107.738
1498,98.676,107.757
1499,98.649,107.716
1500,98.642,107.710
1501,98.651,107.707
1502,98.607,107.678
1503,98.610,107.680
1504,98.680,107.751
1505,98.748,107.825
1506,98.790,107.871
1507,98.786,107.856
1508,98.745,107.812
1509,98.749,107.808
1510,98.748,107.815
1511,98.786,107.849
1512,98.751,107.828
1513,98.763,107.848
1514,98.775,107.856
1515,98.788,107.874
1516,98.749,107.830
1517,98.759,107.838
1518,98.759,107.828
1519,98.856,107.935
1520,98.882,107.957
1521,98.989,108.085
1522,99.005,108.099
1523,99.064,108.159
1524,99.102,108.194
1525,99.090,108.185
1526,99.205,108.285
1527,99.212,108.303
1528,99.250,108.338
1529,99.286,108.391
1530,99.326,108.436
1531,99.327,108.422
1532,99.381,108.474
1533,99.378,108.470
1534,99.438,108.526
1535,99.462,108.548
1536,99.512,108.601
1537,99.268,108.424
